Book,Copyright
American Business,2008
American Business,2008
Archery,2010
Archery,2013
Architecture and Landscape,2008
Art,2006
Art,2006
Art,2008
Art,2010
Aviation,2006
Aviation,2006
Aviation,2006
Aviation,2008
Backpacking,2007
Backpacking,2007
Basketry,2003
Camping,2011
Camping,2014
Canoeing,2014
Canoeing,2017
Chess,2011
Chess,2011
Chess,2019
Citizenship in the community,2012
Citizenship in the community,2013
Citizenship in the nation,2012
Citizenship in the nation,2012
Citizenship in the world,2013
Citizenship in the world,2013
Climbing,2006
Coin Collecting,2008
Communication,2009
Communication,2009
Communication,2009
Communication,2011
Communication,2013
Communication,2014
Computers,2009
Computers,2009
Cooking,2014
Dog Care,2003
Drafting,2008
Electronics,2009
Emergency preparedness,2008
Emergency preparedness,2008
Emergency preparedness,2008
Engineering,2014
Entrepreneurship,2008
Entrepreneurship,2008
Environmental Science,2006
Environmental Science,2006
Environmental Science,2006
Environmental Science,2006
Environmental Science,2019
Family Life,2005
Family Life,2005
Family Life,2005
Family Life,2005
Family Life,2005
Fingerprinting,2008
First Aid,2002
First Aid,2011
First Aid,2016
Game Design,2013
Genealogy,2005
Geocaching,2012
Golf,2002
Golf,2008
Hiking,2009
Hiking,2012
Horsemanship,2010
Indian Lore,2008
Law,2003
Law,2003
Law,2003
Law,2003
Leatherworker,2002
Leatherworker,2002
Life Saving,2008
Life Saving,2013
Medicine,2004
Metal Work,2007
Metal Work,2012
Modal Design,2003
Music and Bugling,2003
Music and Bugling,2003
Nature,2003
Painting,2008
Personal Management,2008
Personal Management,2008
Personal Management,2014
Personal Management,2014
Personal Management,2014
Pets,2003
Pets,2003
Photography,2005
Photography,2005
Photography,2011
Photography,2013
Pioneering,2006
Pioneering,2013
Public Speaking,2013
Public Speaking,2013
Public Speaking,2013
Pulp and Paper,2006
Radio,2008
Reptile and Amphibian,2005
Robotics,2011
Salesmanship,2003
Salesmanship,2003
Salesmanship,2003
Salesmanship,2003
Scout Heritage,2010
Scuba,2009
Scuba,2009
Scuba,2009
Search and Rescue,2012
Shotgun,2005
Shotgun,2005
Soil and Water Conservation,2004
Space Exploration,2004
Space Exploration,2016
Sustainability,2013
Swimming,2008
Swimming,2010
Traffic Safety,2006
Weather,2006
Wilderness Survival,2007
Wilderness Survival,2007
Wood Carving,2006
Wood Work,2011